,Logistic Regression,Decision Tree,Random Forest,Gradient Boosting,SVM
Gender,-0.001160990712074267,0.0,0.0019659442724457854,0.0017492260061920174,-0.0007120743034056076
Married,0.014473684210526389,0.0,-0.002120743034055755,0.0018034055727554677,0.0037306501547987926
Dependents,0.0018885448916409308,-0.0327476780185759,-0.003622291021671847,0.00390092879256973,-0.0027244582043343736
Education,0.003126934984520219,0.0,-0.002198142414860721,-0.0012538699690402,0.0034984520123838513
Self_Employed,-0.002941176470588153,0.0,0.0021517027863776792,-6.191950464395912e-05,-0.001857585139318857
ApplicantIncome,0.018374613003096063,0.02729876160990708,0.06520123839009284,0.1021439628482973,0.060046439628483016
CoapplicantIncome,0.013328173374613094,0.05439628482972132,0.08221362229102167,0.11917956656346758,0.0596749226006192
LoanAmount,0.029071207430340657,0.043568111455108346,0.0498142414860681,0.09013157894736848,0.05283281733746131
Loan_Amount_Term,-0.0012538699690402277,0.00011609907120741503,-0.0006501547987616096,0.00852167182662542,-0.0014241486068111264
Credit_History,0.2593343653250775,0.3129256965944272,0.2924458204334365,0.28453560371517034,0.24998452012383904
Property_Area,0.03515479876161,0.013328173374612983,0.0016408668730650056,0.009496904024767883,0.004938080495356034
