Model,Stage,Accuracy,Precision,Recall,F1,ROC_AUC,Reject_Recall,CV_ROC_AUC
Logistic Regression,Before tuning,0.8699186991869918,0.9156626506024096,0.8941176470588236,0.9047619047619048,0.8746130030959753,0.8157894736842105,0.7303755416466057
Decision Tree,Before tuning,0.8048780487804879,0.9178082191780822,0.788235294117647,0.8481012658227848,0.8151702786377708,0.8421052631578947,0.6457410764016729
Random Forest,Before tuning,0.8861788617886179,0.898876404494382,0.9411764705882353,0.9195402298850575,0.8462848297213623,0.7631578947368421,0.765084138132865
Gradient Boosting,Before tuning,0.8455284552845529,0.851063829787234,0.9411764705882353,0.8938547486033519,0.8597523219814243,0.631578947368421,0.7280543204282195
SVM,Before tuning,0.8455284552845529,0.875,0.9058823529411765,0.8901734104046243,0.856656346749226,0.7105263157894737,0.7556603604369047
Logistic Regression,After tuning,0.8699186991869918,0.9156626506024096,0.8941176470588236,0.9047619047619048,0.8746130030959753,0.8157894736842105,0.7303755416466057
Decision Tree,After tuning,0.7723577235772358,0.9014084507042254,0.7529411764705882,0.8205128205128205,0.8369969040247678,0.8157894736842105,0.7375183381007675
Random Forest,After tuning,0.8699186991869918,0.8791208791208791,0.9411764705882353,0.9090909090909091,0.8708978328173375,0.7105263157894737,0.7702384661134556
Gradient Boosting,After tuning,0.8536585365853658,0.8602150537634409,0.9411764705882353,0.898876404494382,0.8842105263157896,0.6578947368421053,0.7435174459769465
SVM,After tuning,0.8373983739837398,0.8735632183908046,0.8941176470588236,0.8837209302325582,0.8501547987616099,0.7105263157894737,0.7571241987406421
